<application>
  <component name="GeneralSettings">
    <option name="browserPath" value="C:\Program Files (x86)\Microsoft\Edge\Application\msedge.exe" />
    <option name="showTipsOnStartup" value="false" />
    <option name="autoSaveIfInactive" value="true" />
    <option name="confirmExit" value="false" />
    <option name="confirmOpenNewProject2" value="-1" />
    <option name="processCloseConfirmation" value="TERMINATE" />
  </component>
  <component name="Registry">
    <entry key="ide.balloon.shadow.size" value="0" />
    <entry key="ide.tree.ui.experimental" value="false" />
    <entry key="documentation.show.toolbar" value="true" />
    <entry key="ide.experimental.ui" value="true" />
  </component>
  <component name="StatusBar">
    <option name="widgets">
      <map>
        <entry key="git" value="true" />
      </map>
    </option>
  </component>
</application>