<application>
  <component name="SshConfigs">
    <configs>
      <sshConfig authType="PASSWORD" host="121.4.26.166" id="b52b0115-d1ac-41fa-a481-eea9e29d5d0a" port="22" customName="minghui@121.4.26.166" nameFormat="CUSTOM" username="minghui" useOpenSSHConfig="true">
        <option name="customName" value="minghui@121.4.26.166" />
      </sshConfig>
      <sshConfig authType="PASSWORD" host="localhost" id="0d53217a-5189-4415-8c90-9396db40c515" port="22" nameFormat="DESCRIPTIVE" username="ming" useOpenSSHConfig="true" />
    </configs>
  </component>
</application>