<application>
  <component name="GitRememberedInputs">
    <option name="visitedUrls">
      <list>
        <UrlAndUserName>
          <option name="url" value="http://10.88.4.34:9091" />
          <option name="userName" value="10064602" />
        </UrlAndUserName>
      </list>
    </option>
  </component>
  <component name="Vcs.Log.App.Settings">
    <option name="COLUMN_ID_ORDER">
      <list>
        <option value="Default.Root" />
        <option value="Default.Author" />
        <option value="Default.Date" />
        <option value="Default.Subject" />
        <option value="Default.Hash" />
        <option value="GitHub.CommitStatus" />
      </list>
    </option>
    <option name="COLUMN_ID_VISIBILITY">
      <map>
        <entry key="Table.Default.Hash.ColumnIdVisibility" value="true" />
      </map>
    </option>
    <option name="PREFER_COMMIT_DATE" value="true" />
  </component>
</application>