<application>
  <component name="Translation.Cache">
    <option name="lastTrimTime" value="1745223939173" />
  </component>
  <component name="Translation.OpenAISettings">
    <option name="OPEN_AI">
      <open-ai>
        <option name="ENDPOINT" value="https://api.openai-proxy.org" />
      </open-ai>
    </option>
  </component>
  <component name="Translation.Settings">
    <option name="primaryLanguage" value="CHINESE" />
    <option name="showExplanation" value="true" />
    <option name="showWordsOnStartup" value="true" />
    <option name="ttsEngine" value="OPENAI" />
  </component>
  <component name="Translation.States">
    <option name="pinTranslationDialog" value="true" />
    <option name="translationDialogHeight" value="520" />
    <option name="translationDialogLocationX" value="1234" />
    <option name="translationDialogLocationY" value="849" />
    <option name="translationDialogWidth" value="1040" />
    <histories>
      <item value="local variable increases performance by 25 percent Joshua Bloch &quot;Effective Java, Second Edition&quot;, p. 283-284" />
      <item value="Again assign the instance to local variable to check if it was initialized by some other thread while current thread was blocked to enter the locked zone. If it was initialized then we can return the previously created instance just like the previous null check." />
      <item value="bill pugh implementation" />
      <item value="The instance doesn't get created until the method is called for the first time." />
      <item value="The instance is still not initialized, so we can safely (no other thread can enter this zone) create an instance and make it our singleton instance." />
      <item value="It is not initialized, but we cannot be sure because some other thread might have initialized it in the meanwhile. So to make sure we need to lock on an object to get mutual exclusion." />
      <item value="ivory tower" />
      <item value="initializing on demand holder idiom" />
      <item value="real video object" />
      <item value="Simplifies adding new operations: Adding a new operation is straightforward because you can add a new visitor without changing existing code. Single Responsibility Principle: The Visitor pattern allows you to move related behavior into one class. OpenClosed Principle: Elements can stay closed to modification while visitors are open to extension." />
      <item value="Benefits and Trade-offs of Visitor Pattern" />
      <item value="--- title: &quot;Visitor Pattern in Java: Implementing Robust Operations Across Diverse Object Structures&quot; shortTitle: Visitor description: &quot;Explore the Visitor design pattern in Java with detailed examples and class diagrams. Learn how to implement operations without altering object structures for clean and maintainable code.&quot; category: Behavioral language: en tag: - Decoupling - Extensibility - Gang of Four - Object composition - Polymorphism --- Intent of Visitor Design Pattern To represent an operation to be performed on the elements of an object structure. Visitor lets you define a new operation without changing the classes of the elements on which it operates. Detailed Explanation of Visitor Pattern with Real-World Examples Real-world example &gt; An analogous real-world example of the Visitor design pattern can be seen in a museum tour guide system. Imagine a museum where visitors can take guided tours to learn about different types of exhibits, such as paintings, sculptures, and historical artifacts. Each exhibit type requires a different explanation, which is provided by specialized tour guides. &gt; &gt; In this scenario, the exhibits are like the elements in the Visitor pattern, and the tour guides are like the visitors. The museum structure remains unchanged, but new guides with new types of tours (operations) can be added without modifying the exhibits themselves. Each guide (visitor) implements a specific way to interact with the exhibits, providing detailed explanations according to their specialization, thereby separating the operations from the objects they operate on. In plain words &gt; The Java Visitor pattern defines operations that can be performed on nodes of various data structures, enhancing Java application extensibility. Wikipedia says &gt; In object-oriented programming and software engineering, the visitor design pattern is a way of separating an algorithm from an object structure on which it operates. A practical result of this separation is the ability to add new operations to existing object structures without modifying the structures. Sequence diagram ![Visitor sequence diagram](.etcvisitor-sequence-diagram.png) Programmatic Example of Visitor Pattern in Java Consider a tree structure with army units. Commander has two sergeants under it and each sergeant has three soldiers under them. Given that the hierarchy implements the visitor pattern, we can easily create new objects that interact with the commander, sergeants, soldiers, or all of them. Given the army unit example from above, we first have the `Unit` and `UnitVisitor` base types. ```java public abstract class Unit { private final Unit[] children; public Unit(Unit... children) { this.children = children; } public void accept(UnitVisitor visitor) { Arrays.stream(children).forEach(child -&gt; child.accept(visitor)); } } ``` ```java public interface UnitVisitor { void visit(Soldier soldier); void visit(Sergeant sergeant); void visit(Commander commander); } ``` Then we have the concrete units `Commander`, `Sergeant`, and `Soldier`. ```java public class Commander extends Unit { public Commander(Unit... children) { super(children); } @Override public void accept(UnitVisitor visitor) { visitor.visit(this); super.accept(visitor); } @Override public String toString() { return &quot;commander&quot;; } } ``` ```java public class Sergeant extends Unit { public Sergeant(Unit... children) { super(children); } @Override public void accept(UnitVisitor visitor) { visitor.visit(this); super.accept(visitor); } @Override public String toString() { return &quot;sergeant&quot;; } } ``` ```java public class Soldier extends Unit { public Soldier(Unit... children) { super(children); } @Override public void accept(UnitVisitor visitor) { visitor.visit(this); super.accept(visitor); } @Override public String toString() { return &quot;soldier&quot;; } } ``` Here are the concrete visitors `CommanderVisitor`, `SergeantVisitor`, and `SoldierVisitor`. ```java @Slf4j public class CommanderVisitor implements UnitVisitor { @Override public void visit(Soldier soldier) { Do nothing } @Override public void visit(Sergeant sergeant) { Do nothing } @Override public void visit(Commander commander) { LOGGER.info(&quot;Good to see you {}&quot;, commander); } } ``` ```java @Slf4j public class SergeantVisitor implements UnitVisitor { @Override public void visit(Soldier soldier) { Do nothing } @Override public void visit(Sergeant sergeant) { LOGGER.info(&quot;Hello {}&quot;, sergeant); } @Override public void visit(Commander commander) { Do nothing } } ``` ```java @Slf4j public class SoldierVisitor implements UnitVisitor { @Override public void visit(Soldier soldier) { LOGGER.info(&quot;Greetings {}&quot;, soldier); } @Override public void visit(Sergeant sergeant) { Do nothing } @Override public void visit(Commander commander) { Do nothing } } ``` Finally, we can show the power of visitors in action. ```java public static void main(String[] args) { var commander = new Commander( new Sergeant(new Soldier(), new Soldier(), new Soldier()), new Sergeant(new Soldier(), new Soldier(), new Soldier()) ); commander.accept(new SoldierVisitor()); commander.accept(new SergeantVisitor()); commander.accept(new CommanderVisitor()); } ``` Program output: ``` 14:58:06.115 [main] INFO com.iluwatar.visitor.SoldierVisitor -- Greetings soldier 14:58:06.118 [main] INFO com.iluwatar.visitor.SoldierVisitor -- Greetings soldier 14:58:06.118 [main] INFO com.iluwatar.visitor.SoldierVisitor -- Greetings soldier 14:58:06.118 [main] INFO com.iluwatar.visitor.SoldierVisitor -- Greetings soldier 14:58:06.118 [main] INFO com.iluwatar.visitor.SoldierVisitor -- Greetings soldier 14:58:06.118 [main] INFO com.iluwatar.visitor.SoldierVisitor -- Greetings soldier 14:58:06.118 [main] INFO com.iluwatar.visitor.SergeantVisitor -- Hello sergeant 14:58:06.118 [main] INFO com.iluwatar.visitor.SergeantVisitor -- Hello sergeant 14:58:06.118 [main] INFO com.iluwatar.visitor.CommanderVisitor -- Good to see you commander ``` When to Use the Visitor Pattern in Java Use the Visitor pattern when Implement the Visitor design pattern in Java when you need to efficiently perform operations across groups of similar objects without modifying their classes, and you want to avoid polluting their classes with this operation. Use it when a class structure is stable, but you need to perform new operations on the structure without changing it. It's beneficial when the set of classes are fixed and only the operations need to be extended. Visitor Pattern Java Tutorials [Visitor (Refactoring Guru)](https:refactoring.gurudesign-patternsvisitor) [Visitor Pattern Tutorial with Java Examples (DZone)](https:dzone.comarticlesdesign-patterns-visitor) [Visitor Design Pattern (Sourcemaking)](https:sourcemaking.comdesign_patternsvisitor) Real-World Applications of Visitor Pattern in Java Compiler design, where the Visitor pattern can be used for operations like pretty printing, semantic checks, etc. Abstract Syntax Tree (AST) processing. Document structure processing (e.g., HTML, XML). [Apache Wicket](https:github.comapachewicket) component tree, see [MarkupContainer](https:github.comapachewicketblobb60ec64d0b50a611a9549809c9ab216f0ffa3ae3wicket-coresrcmainjavaorgapachewicketMarkupContainer.java) [javax.lang.model.element.AnnotationValue](http:docs.oracle.comjavase8docsapijavaxlangmodelelementAnnotationValue.html) and [AnnotationValueVisitor](http:docs.oracle.comjavase8docsapijavaxlangmodelelementAnnotationValueVisitor.html) [javax.lang.model.element.Element](http:docs.oracle.comjavase8docsapijavaxlangmodelelementElement.html) and [Element Visitor](http:docs.oracle.comjavase8docsapijavaxlangmodelelementElementVisitor.html) [java.nio.file.FileVisitor](http:docs.oracle.comjavase8docsapijavaniofileFileVisitor.html) Benefits and Trade-offs of Visitor Pattern Benefits: Simplifies adding new operations: Adding a new operation is straightforward because you can add a new visitor without changing existing code. Single Responsibility Principle: The Visitor pattern allows you to move related behavior into one class. OpenClosed Principle: Elements can stay closed to modification while visitors are open to extension. Trade-offs: Adding new element classes: If you need to add new types of elements, you'll need to change both the visitor interface and all of its concrete visitors. Circular dependencies: In complex systems, this pattern can introduce circular dependencies between visitor and element classes. Breaking encapsulation: Visitor pattern requires that the element classes expose enough details to allow the visitor to do its job, potentially breaking encapsulation. Related Java Design Patterns [Composite](https:java-design-patterns.compatternscomposite): The Visitor pattern is often used in conjunction with the Composite pattern, where the visitor can perform operations over a composite structure. [Interpreter](https:java-design-patterns.compatternsinterpreter): Visitors can be used to implement the non-terminal expressions in the Interpreter pattern. [Strategy](https:java-design-patterns.compatternsstrategy): Visitor can be considered a way of making strategies work on objects that they were not designed to operate on. References and Credits [Design Patterns: Elements of Reusable Object-Oriented Software](https:amzn.to3w0pvKI) [Head First Design Patterns: Building Extensible and Maintainable Object-Oriented Software](https:amzn.to49NGldq) [Java Design Patterns: A Hands-On Experience with Real-World Examples](https:amzn.to3yhh525) [Refactoring to Patterns](https:amzn.to3VOO4F5)" />
      <item value="Accept a Visitor" />
      <item value="new thread per task executor" />
      <item value="get and increment" />
      <item value="default thread factory" />
      <item value="caller runs policy" />
      <item value="concurrenthashmap" />
      <item value="concurrent hash map" />
      <item value="IO Error: Got minus one from a read call, connect lapse 5001 ms., Authentication lapse 0 ms." />
      <item value="rectify" />
      <item value="offer" />
      <item value="poll" />
      <item value="Deque" />
      <item value="blocking deque" />
      <item value="nested" />
      <item value="nested exception" />
      <item value="deserialize" />
      <item value="Cannot" />
      <item value="Cannot deserialize value of type" />
      <item value="Connection refused" />
      <item value="Advice" />
      <item value="thread pool executor" />
      <item value="interrupted exception" />
      <item value="classic" />
      <item value="property to your configuration." />
      <item value="Add a spring.config.import=consul: property to your configuration." />
      <item value="APPLICATION FAILED TO START" />
      <item value="during a previous attempt. This failure was cached in the local repository and resolution is not reattempted until the update interval of alimaven has elapsed or updates are forced" />
      <item value="Adding new peer nodes" />
      <item value="Cursive Clojure plugin" />
      <item value="Standard Commons Logging discovery in action with spring-jcl: please remove commons-logging.jar from classpath in order to avoid potential conflicts" />
      <item value="Injection of resource dependencies failed" />
      <item value="Failed to parse configuration class" />
      <item value="version" />
      <item value="Required request parameter 'rmark7' for method parameter type String is not present" />
      <item value="Required request parameter 'remark7' for method parameter type String is not present" />
      <item value="IO Error: Got minus one from a read call" />
      <item value="The method setToken(String) is undefined for the type TbUsers" />
      <item value="Unable to interpret the implicit parameter configuration with dataType" />
    </histories>
    <option name="languageScores">
      <map>
        <entry key="CHINESE" value="241" />
        <entry key="CHINESE_SIMPLIFIED" value="33" />
        <entry key="DUTCH" value="1" />
        <entry key="ENGLISH" value="271" />
        <entry key="LATIN" value="1" />
      </map>
    </option>
  </component>
</application>