<application>
  <component name="FileTypeManager" version="18">
    <extensionMap>
      <mapping pattern="data" type="AUTO_DETECTED" />
      <mapping pattern="TransactionMapper.xml" type="AUTO_DETECTED" />
      <mapping pattern="Data Structure Basics" type="JAVA" />
      <mapping pattern=".ideavimrc" type="PLAIN_TEXT" />
      <mapping ext="properites" type="PLAIN_TEXT" />
      <removed_mapping pattern="**spring-configuration-metadata.json" approved="true" type="JSON" />
      <removed_mapping ext="apk" approved="true" type="ARCHIVE" />
      <removed_mapping ext="psd" approved="true" type="Image" />
      <removed_mapping ext="sql" approved="true" type="SQL" />
      <removed_mapping pattern="application-**.properties" approved="true" type="Properties" />
      <removed_mapping pattern="application-**.y**ml" approved="true" type="YAML" />
      <removed_mapping pattern="application.properties" approved="true" type="Properties" />
      <removed_mapping pattern="application.yaml" approved="true" type="YAML" />
      <removed_mapping pattern="application.yml" approved="true" type="YAML" />
      <removed_mapping pattern="bootstrap-**.properties" approved="true" type="Properties" />
      <removed_mapping pattern="bootstrap-**.y**ml" approved="true" type="YAML" />
      <removed_mapping pattern="bootstrap.properties" approved="true" type="Properties" />
      <removed_mapping pattern="bootstrap.yaml" approved="true" type="YAML" />
      <removed_mapping pattern="bootstrap.yml" approved="true" type="YAML" />
    </extensionMap>
  </component>
</application>