<application>
  <component name="AppStorage">
    <option name="newTranslationDialogHeight" value="278" />
    <option name="newTranslationDialogWidth" value="580" />
    <option name="newTranslationDialogX" value="812" />
    <option name="newTranslationDialogY" value="477" />
    <histories>
      <item value="[DEBUG] 2022-07-21 22:47:47,617 org.springframework.beans.factory.support.DefaultListableBeanFactory - Ignoring bean creation exception on FactoryBean type check: org.springframework.beans.factory.UnsatisfiedDependencyException: Error creating bean with name 'userDao' defined in file [varlibtomcat8webappsAAUserManamgerSystem_01_warWEB-INFclassescomkgcdaoUserDao.class]: Unsatisfied dependency expressed through bean property 'sqlSessionFactory': : Error creating bean with name 'sqlSessionFactoryBean' defined in class path resource [applicationContext.xml]: Invocation of init method failed; nested exception is org.springframework.core.NestedIOException: Failed to parse config resource: class path resource [mybatis-config.xml]; nested exception is org.apache.ibatis.builder.BuilderException: Error parsing SQL Mapper Configuration. Cause: org.apache.ibatis.builder.BuilderException: The setting impLog is not known. Make sure you spelled it correctly (case sensitive).; nested exception is org.springframework.beans.factory.BeanCreationException: Error creating bean with name 'sqlSessionFactoryBean' defined in class path resource [applicationContext.xml]: Invocation of init method failed; nested exception is org.springframework.core.NestedIOException: Failed to parse config resource: class path resource [mybatis-config.xml]; nested exception is org.apache.ibatis.builder.BuilderException: Error parsing SQL Mapper Configuration. Cause: org.apache.ibatis.builder.BuilderException: The setting impLog is not known. Make sure you spelled it correctly (case sensitive)." />
      <item value="Caused by: org.apache.ibatis.builder.BuilderException: The setting impLog is not known. Make sure you spelled it correctly (case sensitive)." />
      <item value="Related cause: org.springframework.beans.factory.UnsatisfiedDependencyException: Error creating bean with name 'userDao' defined in file [varlibtomcat8webappsAAUserManamgerSystem_01_warWEB-INFclassescomkgcdaoUserDao.class]: Unsatisfied dependency expressed through bean property 'sqlSessionFactory': : Error creating bean with name 'sqlSessionFactoryBean' defined in class path resource [applicationContext.xml]: Invocation of init method failed; nested exception is org.springframework.core.NestedIOException: Failed to parse config resource: class path resource [mybatis-config.xml]; nested exception is org.apache.ibatis.builder.BuilderException: Error parsing SQL Mapper Configuration. Cause: org.apache.ibatis.builder.BuilderException: The setting impLog is not known. Make sure you spelled it correctly (case sensitive).; nested exception is org.springframework.beans.factory.BeanCreationException: Error creating bean with name 'sqlSessionFactoryBean' defined in class path resource [applicationContext.xml]: Invocation of init method failed; nested exception is org.springframework.core.NestedIOException: Failed to parse config resource: class path resource [mybatis-config.xml]; nested exception is org.apache.ibatis.builder.BuilderException: Error parsing SQL Mapper Configuration. Cause: org.apache.ibatis.builder.BuilderException: The setting impLog is not known. Make sure you spelled it correctly (case sensitive)." />
      <item value="org.springframework.beans.factory.BeanCreationException: Error creating bean with name 'userService': Injection of autowired dependencies failed; nested exception is org.springframework.beans.factory.BeanCreationException: Could not autowire field: public com.kgc.dao.UserDao com.kgc.service.UserServiceImpl.userDao; nested exception is org.springframework.beans.factory.NoSuchBeanDefinitionException: No qualifying bean of type [com.kgc.dao.UserDao] found for dependency: expected at least 1 bean which qualifies as autowire candidate for this dependency. Dependency annotations: {@org.springframework.beans.factory.annotation.Autowired(required=true)}" />
      <item value="org.springframework.beans.factory.BeanDefinitionStoreException: Failed to read candidate component class: file [varlibtomcat8webappsAAUserManamgerSystem_01_warWEB-INFclassescomkgcserviceUserService.class]; nested exception is org.springframework.core.NestedIOException: ASM ClassReader failed to parse class file - probably due to a new Java class file version that isn't supported yet: file [varlibtomcat8webappsAAUserManamgerSystem_01_warWEB-INFclassescomkgcserviceUserService.class]; nested exception is java.lang.IllegalArgumentException" />
      <item value="nested exception is org.springframework.core.NestedIOException: ASM ClassReader failed to parse class file - probably due to a new Java class file version that isn't supported yet: file [varlibtomcat8webappsAAUserManamgerSystem_01_warWEB-INFclassescomkgcserviceUserService.class];" />
      <item value="java.lang.IllegalStateException: BeanFactory not initialized or already closed - call 'refresh' before accessing beans via the ApplicationContext" />
      <item value="org.springframework.beans.factory.BeanDefinitionStoreException: IOException parsing XML document from class path resource [applicationContext.xml]; nested exception is java.io.FileNotFoundException: class path resource [applicationContext.xml] cannot be opened because it does not exist" />
      <item value="Description: Web server failed to start. Port 8080 was already in use. Action: Identify and stop the process that's listening on port 8080 or configure this application to listen on another port." />
      <item value="org.springframework.context.ApplicationContextException: Failed to start bean 'webServerStartStop'; nested exception is org.springframework.boot.web.server.WebServerException: Unable to start embedded Tomcat server" />
      <item value="org.hibernate.tool.schema.spi.CommandAcceptanceException: Error executing DDL &quot;create table permission (id bigint not null auto_increment, info varchar(64) not null, name varchar(64) not null, route varchar(32) not null, primary key (id)) engine=InnoDB&quot; via JDBC Statement at org.hibernate.tool.schema.internal.exec.GenerationTargetToDatabase.accept(GenerationTargetToDatabase.java:67) ~[hibernate-core-5.6.9.Final.jar:5.6.9.Final] at org.hibernate.tool.schema.internal.AbstractSchemaMigrator.applySqlString(AbstractSchemaMigrator.java:581) ~[hibernate-core-5.6.9.Final.jar:5.6.9.Final] at org.hibernate.tool.schema.internal.AbstractSchemaMigrator.applySqlStrings(AbstractSchemaMigrator.java:526) ~[hibernate-core-5.6.9.Final.jar:5.6.9.Final] at org.hibernate.tool.schema.internal.AbstractSchemaMigrator.createTable(AbstractSchemaMigrator.java:293) ~[hibernate-core-5.6.9.Final.jar:5.6.9.Final] at org.hibernate.tool.schema.internal.GroupedSchemaMigratorImpl.performTablesMigration(GroupedSchemaMigratorImpl.java:74) ~[hibernate-core-5.6.9.Final.jar:5.6.9.Final] at org.hibernate.tool.schema.internal.AbstractSchemaMigrator.performMigration(AbstractSchemaMigrator.java:220) ~[hibernate-core-5.6.9.Final.jar:5.6.9.Final] at org.hibernate.tool.schema.internal.AbstractSchemaMigrator.doMigration(AbstractSchemaMigrator.java:123) ~[hibernate-core-5.6.9.Final.jar:5.6.9.Final] at org.hibernate.tool.schema.spi.SchemaManagementToolCoordinator.performDatabaseAction(SchemaManagementToolCoordinator.java:196) ~[hibernate-core-5.6.9.Final.jar:5.6.9.Final] at org.hibernate.tool.schema.spi.SchemaManagementToolCoordinator.process(SchemaManagementToolCoordinator.java:85) ~[hibernate-core-5.6.9.Final.jar:5.6.9.Final] at org.hibernate.internal.SessionFactoryImpl.&lt;init&gt;(SessionFactoryImpl.java:335) ~[hibernate-core-5.6.9.Final.jar:5.6.9.Final] at org.hibernate.boot.internal.SessionFactoryBuilderImpl.build(SessionFactoryBuilderImpl.java:471) ~[hibernate-core-5.6.9.Final.jar:5.6.9.Final] at org.hibernate.jpa.boot.internal.EntityManagerFactoryBuilderImpl.build(EntityManagerFactoryBuilderImpl.java:1498) ~[hibernate-core-5.6.9.Final.jar:5.6.9.Final]" />
      <item value="Caused by: java.sql.SQLException: Duplicate foreign key constraint name 'role_permission_foreignKey'" />
      <item value="Reason: Failed to determine a suitable driver class" />
      <item value="Failed to configure a DataSource: no embedded datasource could be configured." />
      <item value="init multiple uid generators for different DB tables" />
      <item value="The packaging for this project did not assign a file to the build artifact" />
      <item value="原因: java.lang.ClassNotFoundException: dk.member.management.MemberManagementApplication" />
      <item value="OpenJDK 64-Bit Server VM warning: Options -Xverify:none and -noverify were deprecated in JDK 13 and will likely be removed in a future release." />
      <item value="WARNING - @mbg.generated This element is automatically generated by MyBatis Generator, do not modify." />
      <item value="This method was generated by MyBatis Generator. This method corresponds to the database table course_table" />
      <item value="This field was generated by MyBatis Generator. This field corresponds to the database table college" />
      <item value="This method was generated by MyBatis Generator. This method corresponds to the database table college" />
      <item value="This method was generated by MyBatis Generator. This method returns the value of the database column college.id" />
      <item value="This field was generated by MyBatis Generator. This field corresponds to the database column college.mark" />
      <item value="This field was generated by MyBatis Generator. This field corresponds to the database column college.statu" />
      <item value="Result Maps collection does not contain value for" />
      <item value="Missing Format Argument Exception" />
      <item value="Identity Hash Map" />
      <item value="class GeneralManager extends Manager { public GeneralManager(String name) { super(name); } public void RequestApplications(Request request) { if (request.getRequestType().equals(&quot;请假&quot;)) { System.out.println(request.getRequestContent() + &quot; 数量&quot; + request.getNumber() + &quot; --&gt;被批准&quot;); } else if (request.getRequestType().equals(&quot;加薪&quot;) &amp;&amp; request.getNumber() &lt;= 500) { System.out.println(request.getRequestContent() + &quot; 数量&quot; + request.getNumber() + &quot; --&gt;被批准&quot;); } else if (request.getRequestType().equals(&quot;加薪&quot;) &amp;&amp; request.getNumber() &gt; 500) { System.out.println(request.getRequestContent() + &quot; 数量&quot; + request.getNumber() + &quot; --&gt;再说吧！&quot;); } } }" />
      <item value="The file system upon which '/mnt/Windows/VMware/Win10_1909' resides is critically low on free space. Allowing this virtual machine to continue may cause it to fail unexpectedly.&#10;VMware Workstation has paused this virtual machine because the disk on which the virtual machine is stored is almost full. To continue, free an additional 130.3 MB of disk space." />
      <item value="check bank of" />
      <item value="check bank of&#10;" />
      <item value="check bank of " />
      <item value="check " />
      <item value="ch" />
      <item value="Error querying database. Cause: org.springframework.jdbc.CannotGetJdbcConnectionException: Failed to obtain JDBC Connection; nested exception is com.mysql.jdbc.exceptions.jdbc4.CommunicationsException: Communications link failure" />
      <item value="2022-05-12 08:28:35.196 WARN 5975 --- [nio-9090-exec-3] .w.s.m.s.DefaultHandlerExceptionResolver : Resolved [org.springframework.http.converter.HttpMessageNotReadableException: JSON parse error: Cannot deserialize value of type `int` from String &quot;consequat proident nostrud&quot;: not a valid `int` value; nested exception is com.fasterxml.jackson.databind.exc.InvalidFormatException: Cannot deserialize value of type `int` from String &quot;consequat proident nostrud&quot;: not a valid `int` value&lt;EOL&gt; at [Source: (org.springframework.util.StreamUtilsNonClosingInputStream); line: 6, column: 14] (through reference chain: com.ming.entity.Goods[&quot;level&quot;])]" />
      <item value="Error updating database. Cause: java.sql.SQLSyntaxErrorException: You have an error in your SQL syntax; check the manual that corresponds to your MySQL server version for the right syntax to use near 'describe = '这是一个测试商品'," />
      <item value="The error occurred while setting parameters" />
      <item value="; bad SQL grammar []; nested exception is java.sql.SQLSyntaxErrorException: You have an error in your SQL syntax; check the manual that corresponds to your MySQL server version for the right syntax to use near 'describe = '这是一个测试商品'," />
      <item value="Cause: java.sql.SQLSyntaxErrorException: You have an error in your SQL syntax; check the manual that corresponds to your MySQL server version for the right syntax to use near 'describe = '这是一个测试商品'," />
      <item value="org.mybatis.spring.MyBatisSystemException: nested exception is org.apache.ibatis.reflection.ReflectionException: There is no getter for property named 'goods_name' in 'class com.ming.entity.Goods'" />
      <item value="Cause: java.sql.SQLSyntaxErrorException: You have an error in your SQL syntax; check the manual that corresponds to your MySQL server version for the right syntax to use near 'describe,goods_type,img1,img2,img3)" />
      <item value="The error may involve com.ming.mapper.GoodsMapper.addGoods-Inline" />
      <item value="org.springframework.beans.factory.UnsatisfiedDependencyException: Error creating bean with name 'loginController': Unsatisfied dependency expressed through field 'loginService'; nested exception is org.springframework.beans.factory.UnsatisfiedDependencyException: Error creating bean with name 'loginServiceImpl': Unsatisfied dependency expressed through field 'loginMapper'; nested exception is org.springframework.beans.factory.BeanCreationException: Error creating bean with name 'loginMapper' defined in file [homeminghuiworkspacecodeIDEAFleaMarkettargetclassescommingmapperLoginMapper.class]: Cannot resolve reference to bean 'sqlSessionFactory' while setting bean property 'sqlSessionFactory'; nested exception is org.springframework.beans.factory.BeanCreationException: Error creating bean with name 'sqlSessionFactory' defined in class path resource [commingconfigMyDataSource.class]: Bean instantiation via factory method failed; nested exception is org.springframework.beans.BeanInstantiationException: Failed to instantiate [org.apache.ibatis.session.SqlSessionFactory]: Factory method 'sqlSessionFactory' threw exception; nested exception is org.springframework.core.NestedIOException: Failed to parse mapping resource: 'file [homeminghuiworkspacecodeIDEAFleaMarkettargetclassesmapperGoodsMapper.xml]'; nested exception is org.apache.ibatis.builder.BuilderException: Error creating document instance. Cause: org.xml.sax.SAXParseException; lineNumber: 38; columnNumber: 17; 文件提前结束。" />
      <item value="Permission denied, please try again." />
      <item value=" No route to host" />
      <item value="Caused by: org.springframework.beans.factory.BeanCreationException: Error creating bean with name 'serverEndpointExporter' defined in class path resource [commingconfigWebSocketConfig.class]: Invocation of init method failed; nested exception is java.lang.IllegalStateException: javax.websocket.server.ServerContainer not available" />
      <item value="Caused by: org.springframework.beans.factory.xml.XmlBeanDefinitionStoreException: Line 1 in XML document from class path resource [application.yml] is invalid; nested exception is org.xml.sax.SAXParseException; lineNumber: 1; columnNumber: 1; 前言中不允许有内容。" />
      <item value="org.springframework.beans.factory.BeanCreationException: Error creating bean with name 'serverEndpointExporter' defined in class path resource [commingconfigWebSocketConfig.class]: Invocation of init method failed; nested exception is java.lang.IllegalStateException: javax.websocket.server.ServerContainer not available" />
    </histories>
    <option name="languageScores">
      <map>
        <entry key="CHINESE" value="113" />
        <entry key="ENGLISH" value="115" />
      </map>
    </option>
  </component>
  <component name="Cache">
    <option name="lastTrimTime" value="1658406658565" />
  </component>
  <component name="Settings">
    <option name="translateDocumentation" value="true" />
  </component>
  <component name="Translation.Cache">
    <option name="lastTrimTime" value="1698802947386" />
  </component>
  <component name="Translation.States">
    <option name="newTranslationDialogHeight" value="780" />
    <option name="newTranslationDialogWidth" value="727" />
    <option name="newTranslationDialogX" value="2355" />
    <option name="newTranslationDialogY" value="1218" />
    <histories>
      <item value="SonarLint: Invoke method(s) only conditionally" />
      <item value="&quot;Preconditions&quot; and logging arguments should not require evaluation Code smell Major java:S2629 Passing message arguments that require further evaluation into a Guava com.google.common.base.Preconditions check can result in a performance penalty. That’s because whether or not they’re needed, each argument must be resolved before the method is actually called. Similarly, passing concatenated strings into a logging method can also incur a needless performance hit because the concatenation will be performed every time the method is called, whether or not the log level is low enough to show the message. Instead, you should structure your code to pass static or pre-computed values into Preconditions conditions check and logging calls. Specifically, the built-in string formatting should be used instead of string concatenation, and if the message is the result of a method call, then Preconditions should be skipped altogether, and the relevant exception should be conditionally thrown instead. Noncompliant Code Example logger.log(Level.DEBUG, &quot;Something went wrong: &quot; + message); Noncompliant; string concatenation performed even when log level too high to show DEBUG messages logger.fine(&quot;An exception occurred with message: &quot; + message); Noncompliant LOG.error(&quot;Unable to open file &quot; + csvPath, e); Noncompliant Preconditions.checkState(a &gt; 0, &quot;Arg must be positive, but got &quot; + a); Noncompliant. String concatenation performed even when a &gt; 0 Preconditions.checkState(condition, formatMessage()); Noncompliant. formatMessage() invoked regardless of condition Preconditions.checkState(condition, &quot;message: %s&quot;, formatMessage()); Noncompliant Compliant Solution logger.log(Level.SEVERE, &quot;Something went wrong: {0} &quot;, message); String formatting only applied if needed logger.fine(&quot;An exception occurred with message: {}&quot;, message); SLF4J, Log4j logger.log(Level.SEVERE, () -&gt; &quot;Something went wrong: &quot; + message); since Java 8, we can use Supplier , which will be evaluated lazily LOG.error(&quot;Unable to open file {0}&quot;, csvPath, e); if (LOG.isDebugEnabled() { LOG.debug(&quot;Unable to open file &quot; + csvPath, e); this is compliant, because it will not evaluate if log level is above debug. } Preconditions.checkState(arg &gt; 0, &quot;Arg must be positive, but got %d&quot;, a); String formatting only applied if needed if (!condition) { throw new IllegalStateException(formatMessage()); formatMessage() only invoked conditionally } if (!condition) { throw new IllegalStateException(&quot;message: &quot; + formatMessage()); } Exceptions catch blocks are ignored, because the performance penalty is unimportant on exceptional paths (catch block should not be a part of standard program flow). Getters are ignored as well as methods called on annotations which can be considered as getters. This rule accounts for explicit test-level testing with SLF4J methods isXXXEnabled and ignores the bodies of such if statements." />
      <item value="java.lang.ClassCastException: java.util.ArrayList cannot be cast to com.sgcarmanagementsystem.entity.vo.TcarPreSettlementHoursVO at com.sgcarmanagementsystem.service.impl.TcarMaintainHeadServiceImpl.updateMaintenanceConfirmVOS(TcarMaintainHeadServiceImpl.java:199)" />
      <item value="nested exception is com.fasterxml.jackson.databind.exc.InvalidDefinitionException: No serializer found for class com.sgcarmanagementsystem.entity.vo.TcarMaintenanceProcessedVO and no properties discovered to create BeanSerializer (to avoid exception, disable SerializationFeature.FAIL_ON_EMPTY_BEANS) (through reference chain: com.sgcarmanagementsystem.utils.R[&quot;data&quot;]-&gt;java.util.ArrayList[0]) at org.springframework.http.converter.json.AbstractJackson2HttpMessageConverter.writeInternal(AbstractJackson2HttpMessageConverter.java:460)" />
      <item value="请求地址'warrantyBilllistMaintenanceConfirmprocessed12',捕获运行时异常'{}'org.springframework.http.converter.HttpMessageConversionException: Type definition error: [simple type, class com.sgcarmanagementsystem.entity.vo.TcarMaintenanceProcessedVO]; nested exception is com.fasterxml.jackson.databind.exc.InvalidDefinitionException: No serializer found for class com.sgcarmanagementsystem.entity.vo.TcarMaintenanceProcessedVO and no properties discovered to create BeanSerializer (to avoid exception, disable SerializationFeature.FAIL_ON_EMPTY_BEANS) (through reference chain: com.sgcarmanagementsystem.utils.R[&quot;data&quot;]-&gt;java.util.ArrayList[0])" />
      <item value="Immediately return this expression instead of assigning it to the temporary variable &quot;collect&quot;" />
      <item value="A fatal error has been detected by the Java Runtime Environment: SIGSEGV (0xb) at pc=0x00007f3821438441, pid=9396, tid=9448 JRE version: OpenJDK Runtime Environment (11.0.14.1) (build 11.0.14.1-internal+0-adhoc.runner.JetBrainsRuntime) Java VM: OpenJDK 64-Bit Server VM (11.0.14.1-internal+0-adhoc.runner.JetBrainsRuntime, mixed mode, tiered, compressed oops, g1 gc, linux-amd64) Problematic frame: V [libjvm.so+0x638441] oopDesc::size_given_klass(Klass)+0x1 Core dump will be written. Default location: Core dumps may be processed with &quot;usrlibsystemdsystemd-coredump %P %u %g %s %t %c %h&quot; (or dumping to homeminghuicore.9396) If you would like to submit a bug report, please visit: https:bugreport.java.combugreportcrash.jsp --------------- S U M M A R Y ------------ Command Line: -Xms128m -Xmx750m -XX:ReservedCodeCacheSize=512m -XX:+IgnoreUnrecognizedVMOptions -XX:+UseG1GC -XX:SoftRefLRUPolicyMSPerMB=50 -XX:CICompilerCount=2 -XX:+HeapDumpOnOutOfMemoryError -XX:-OmitStackTraceInFastThrow -ea -Dsun.io.useCanonCaches=false -Djdk.http.auth.tunneling.disabledSchemes=&quot;&quot; -Djdk.attach.allowAttachSelf=true -Djdk.module.illegalAccess.silent=true -Dkotlinx.coroutines.debug=off -Dsun.tools.attach.tmp.only=true -javaagent:optintellij-idea-ultimate-editionja-netfilterja-netfilter.jar -Xmx1983m -XX:ErrorFile=homeminghuijava_error_in_idea_%p.log -XX:HeapDumpPath=homeminghuijava_error_in_idea_.hprof -Djb.vmOptionsFile=homeminghui.configJetBrainsIntelliJIdea2021.3idea64.vmoptions -Djava.system.class.loader=com.intellij.util.lang.PathClassLoader -Didea.vendor.name=JetBrains -Didea.paths.selector=IntelliJIdea2021.3 -Didea.jre.check=true -Dsplash=true com.intellij.idea.Main Host: Intel(R) Core(TM) i7-8750H CPU @ 2.20GHz, 12 cores, 15G, Arch Linux Time: Tue Oct 24 08:01:12 2023 CST elapsed time: 3.203706 seconds (0d 0h 0m 3s) --------------- T H R E A D --------------- Current thread (0x00007f37e8003000): ConcurrentGCThread &quot;G1 Conc2&quot; [stack: 0x00007f374c1fe000,0x00007f374c2fe000] [id=9448] Stack: [0x00007f374c1fe000,0x00007f374c2fe000], sp=0x00007f374c2fcb50, free space=1018k Native frames: (J=compiled Java code, A=aot compiled Java code, j=interpreted, Vv=VM code, C=native code) V [libjvm.so+0x638441] oopDesc::size_given_klass(Klass)+0x1 V [libjvm.so+0x7937cb] void OopOopIterateDispatch&lt;G1CMOopClosure&gt;::Table::oop_oop_iterate&lt;InstanceKlass, unsigned int&gt;(G1CMOopClosure, oopDesc, Klass)+0xab V [libjvm.so+0x7a1348] void G1CMTask::process_grey_task_entry&lt;true&gt;(G1TaskQueueEntry)+0xc8 V [libjvm.so+0x79a610] G1CMTask::drain_local_queue(bool) [clone .part.158]+0x110 V [libjvm.so+0x79a8cf] G1CMBitMapClosure::do_addr(HeapWord)+0x3f V [libjvm.so+0x79d4b2] G1CMTask::do_marking_step(double, bool, bool)+0x382 V [libjvm.so+0x7a232d] G1CMConcurrentMarkingTask::work(unsigned int)+0xdd V [libjvm.so+0xea052d] GangWorker::loop()+0x4d V [libjvm.so+0xe01d8f] Thread::call_run()+0x14f V [libjvm.so+0xc4d1ce] thread_native_entry(Thread)+0xee siginfo: si_signo: 11 (SIGSEGV), si_code: 1 (SEGV_MAPERR), si_addr: 0x000000039b4a2128 Register to memory mapping: RAX=0x00007f382225f250: &lt;offset 0x000000000145f250&gt; in optintellij-idea-ultimate-editionjbrlibserverlibjvm.so at 0x00007f3820e00000 RBX=0x00007f381c06b4a0 points into unknown readable memory: 0x00007f381c074000 | 00 40 07 1c 38 7f 00 00 RCX=0x0000000000000003 is an unknown value RDX=0x1009082012100090 is an unknown value RSP=0x00007f374c2fcb50 points into unknown readable memory: 0x00007f374c2fcb90 | 90 cb 2f 4c 37 7f 00 00 RBP=0x00007f374c2fcb90 points into unknown readable memory: 0x00007f374c2fcbe0 | e0 cb 2f 4c 37 7f 00 00 RSI=0x000000039b4a2120 is an unknown value RDI=0x00000000860e5d28 is pointing into object: [B {0x00000000860e5ce0} - klass: {type array byte} - length: 103 R8 =0x0000002000000000 is an unknown value R9 =0x00007f37ee183970 points into unknown readable memory: 0x1009082012100090 | 90 00 10 12 20 08 09 10 R10=0x0000000000000200 is an unknown value R11=0x0000000000000206 is an unknown value R12=0x0000000000000002 is an unknown value R13=0x00007f381c07fc50 points into unknown readable memory: 0x00007f3822189680 | 80 96 18 22 38 7f 00 00 R14=0x00000000860e5d28 is pointing into object: [B {0x00000000860e5ce0} - klass: {type array byte} - length: 103 R15=0x00007f374c2fcd10 points into unknown readable memory: 0x00007f38221893f0 | f0 93 18 22 38 7f 00 00 Registers: RAX=0x00007f382225f250, RBX=0x00007f381c06b4a0, RCX=0x0000000000000003, RDX=0x1009082012100090 RSP=0x00007f374c2fcb50, RBP=0x00007f374c2fcb90, RSI=0x000000039b4a2120, RDI=0x00000000860e5d28 R8 =0x0000002000000000, R9 =0x00007f37ee183970, R10=0x0000000000000200, R11=0x0000000000000206 R12=0x0000000000000002, R13=0x00007f381c07fc50, R14=0x00000000860e5d28, R15=0x00007f374c2fcd10 RIP=0x00007f3821438441, EFLAGS=0x0000000000010202, CSGSFS=0x002b000000000033, ERR=0x0000000000000004 TRAPNO=0x000000000000000e Top of Stack: (sp=0x00007f374c2fcb50) 0x00007f374c2fcb50: 00007f374c2fcb90 00007f3821592a86 0x00007f374c2fcb60: 00000000861e5d10 00007f382228c0ec 0x00007f374c2fcb70: 0000000100001a70 0000000100001a68 0x00007f374c2fcb80: 00000000861e5d1c 00000000861e5d20 Instructions: (pc=0x00007f3821438441) 0x00007f3821438341: 24 d0 8b 83 30 01 00 00 49 8d 04 c4 49 39 c4 48 0x00007f3821438351: 89 45 c0 73 61 48 8b 45 a8 49 8d 44 c5 00 48 89 0x00007f3821438361: 45 b8 0f 1f 44 00 00 49 63 04 24 41 8b 54 24 04 0x00007f3821438371: 48 03 45 c8 4c 39 e8 48 8d 1c 90 49 0f 42 c5 49 0x00007f3821438381: 89 c6 48 8b 45 b8 48 39 c3 48 0f 47 d8 49 39 de 0x00007f3821438391: 73 1a 0f 1f 44 00 00 49 8b 17 4c 89 f6 49 83 c6 0x00007f38214383a1: 04 4c 89 ff ff 52 08 49 39 de 72 eb 49 83 c4 08 0x00007f38214383b1: 4c 39 65 c0 77 b1 49 8b 07 4c 89 ff ff 50 18 84 0x00007f38214383c1: c0 74 06 80 7d b7 00 75 0f 48 83 c4 38 5b 41 5c 0x00007f38214383d1: 41 5d 41 5e 41 5f 5d c3 48 8b 45 a8 49 8d 44 c5 0x00007f38214383e1: 00 48 39 45 c8 73 e2 48 8b 7d c8 e8 7f 0e 28 00 0x00007f38214383f1: 48 85 c0 74 d4 49 8b 17 4c 89 ff 48 89 c6 48 8b 0x00007f3821438401: 52 28 48 83 c4 38 5b 41 5c 41 5d 41 5e 41 5f 5d 0x00007f3821438411: ff e2 4b 8d 44 e5 00 49 39 c6 0f 83 05 ff ff ff 0x00007f3821438421: 49 8b 07 48 89 de 4c 89 ff ff 50 20 e9 f4 fe ff 0x00007f3821438431: ff 66 2e 0f 1f 84 00 00 00 00 00 0f 1f 40 00 55 0x00007f3821438441: 8b 46 08 48 89 f2 48 89 e5 83 f8 00 7e 11 a8 01 0x00007f3821438451: 75 0f c1 f8 03 5d c3 0f 1f 84 00 00 00 00 00 75 0x00007f3821438461: 16 48 8b 02 48 89 fe 48 89 d7 5d 48 8b 80 10 01 0x00007f3821438471: 00 00 ff e0 0f 1f 00 48 8d 15 6d 3c e5 00 b9 0c 0x00007f3821438481: 00 00 00 89 c6 5d 80 3a 00 ba 10 00 00 00 48 0f 0x00007f3821438491: 44 ca 48 8d 15 12 c0 e0 00 c1 fe 10 48 63 3c 0f 0x00007f38214384a1: 40 0f b6 f6 89 c1 8b 12 48 d3 e7 44 8d 42 ff f7 0x00007f38214384b1: da 48 63 d2 4d 63 c0 4c 01 c6 48 8d 04 3e 48 21 0x00007f38214384c1: d0 48 c1 e8 03 c3 66 0f 1f 84 00 00 00 00 00 48 0x00007f38214384d1: 8d 05 15 3c e5 00 55 48 89 e5 80 38 00 75 10 5d 0x00007f38214384e1: 48 8b 77 08 e9 56 ff ff ff 66 0f 1f 44 00 00 48 0x00007f38214384f1: 8d 05 59 6d e2 00 8b 77 08 5d 8b 48 08 48 d3 e6 0x00007f3821438501: 48 03 30 e9 37 ff ff ff 0f 1f 80 00 00 00 00 55 0x00007f3821438511: 48 89 e5 53 48 89 d3 48 83 ec 08 48 8b 47 20 48 0x00007f3821438521: 39 c2 0f 82 87 00 00 00 48 8b 57 28 48 8d 14 d0 0x00007f3821438531: 48 39 d3 73 7a 48 39 c6 72 09 48 39 d6 0f 82 d4 Stack slot to memory mapping: stack at sp + 0 slots: 0x00007f374c2fcb90 points into unknown readable memory: 0x00007f374c2fcbe0 | e0 cb 2f 4c 37 7f 00 00 stack at sp + 1 slots: 0x00007f3821592a86: &lt;offset 0x0000000000792a86&gt; in optintellij-idea-ultimate-editionjbrlibserverlibjvm.so at 0x00007f3820e00000 stack at sp + 2 slots: 0x00000000861e5d10 is an oop: java.lang.String {0x00000000861e5d10} - klass: 'javalangString' stack at sp + 3 slots: 0x00007f382228c0ec: &lt;offset 0x000000000148c0ec&gt; in optintellij-idea-ultimate-editionjbrlibserverlibjvm.so at 0x00007f3820e00000 stack at sp + 4 slots: 0x0000000100001a70 is a pointer to class: java.lang.reflect.AnnotatedElement {0x0000000100001a70} stack at sp + 5 slots: 0x0000000100001a68 is pointing into metadata stack at sp + 6 slots: 0x00000000861e5d1c is pointing into object: java.lang.String {0x00000000861e5d10} - klass: 'javalangString' stack at sp + 7 slots: 0x00000000861e5d20 is pointing into object: java.lang.String {0x00000000861e5d10} - klass: 'javalangString' com.intellij.diagnostic.JBRCrash" />
      <item value="Pre Settlement Hour" />
      <item value="SELECT PK_ID,REC_CREATOR,REC_CREATE_TIME,LAST_MODIFIER,LAST_MODIFY_TIME,FK_SPOT_CHECK_ID,MAINTAIN_NO,MAINTAIN_DATE,MAINTAIN_TYPE,CAR_NO,FK_CAR_TYPE,BRAND,BUY_DATE,BUY_PRICE,DRIVER_NO,DRIVER_NAME,TROUBLE_LOCATION,TROUBLE_TIME,MAINTAIN_DEPT,TROUBLE_MESS,TROUBLE_REASON,RECTIFICATION_MESS,REPAIR_TYPE,REPAIR_CONTENT,LAST_MESS,LAST_TIME,FIX_MESS,XLFS,WXDH,WX_FLAG,MAINTAIN_STATUS,DEL_FLAG,REMARK FROM TCAR_MAINTAIN_HEAD WHERE (((MAINTAIN_DATE &gt; ?)) AND ((MAINTAIN_DATE &lt; ?)) AND ((FK_CAR_TYPE = ?)))" />
      <item value="This plugin intends to simplify the usage of HotSwapAgent. Agent provides real hotswap functionality together with DCEVM which extends JVM class redefinition functionality" />
      <item value="Tcar Maintain Head Service Impl" />
      <item value="请求地址'warrantyBill%E8%87%AA%E5%8D%B8%E8%BD%A615',捕获运行时异常'{}'org.springframework.http.converter.HttpMessageConversionException: Type definition error: [simple type, class com.sgcarmanagementsystem.entity.vo.TcarMaintainHeadVO]; nested exception is com.fasterxml.jackson.databind.exc.InvalidDefinitionException: No serializer found for class com.sgcarmanagementsystem.entity.vo.TcarMaintainHeadVO and no properties discovered to create BeanSerializer (to avoid exception, disable SerializationFeature.FAIL_ON_EMPTY_BEANS) (through reference chain: com.sgcarmanagementsystem.utils.R[&quot;data&quot;]-&gt;java.util.ArrayList[0])" />
      <item value="was not registered for synchronization because synchronization is not active" />
      <item value="DRIVER VEHICLE" />
      <item value="DRIVER VEHICLE BINDING" />
      <item value="Application run failedorg.springframework.context.ApplicationContextException: Failed to start bean 'webServerStartStop'; nested exception is org.springframework.boot.web.server.WebServerException: Unable to start embedded Tomcat server" />
      <item value="null KeyStore name" />
      <item value="Error starting ApplicationContext. To display the conditions report re-run your application with 'debug' enabled." />
      <item value="Could not initialize Logback logging from classpath:logback-spring.xml" />
      <item value="Logging system failed to initialize using configuration from 'null'" />
      <item value="is Inspection Item Added In Last 24 Hours" />
      <item value="Initializing Spring DispatcherServlet 'dispatcherServlet'" />
      <item value="java.util.LinkedHashMap cannot be cast to" />
      <item value="insert Spot Check Main" />
      <item value="Convert ClglSpotCheckMain to JSON success, copied to clipboard." />
      <item value="The Network Adapter could not establish the connection" />
      <item value="org.mybatis.spring.MyBatisSystemException: nested exception is org.apache.ibatis.exceptions.PersistenceException: Error querying database. Cause: org.springframework.jdbc.CannotGetJdbcConnectionException: Failed to obtain JDBC Connection; nested exception is java.sql.SQLRecoverableException: IO 错误: The Network Adapter could not establish the connection (CONNECTION_ID=8cf+8MT1So22aHGHbTcbQ==) The error may exist in comsgcarmanagementsystemmapperTcarSpotCheckItemMapper.java (best guess) The error may involve com.sgcarmanagementsystem.mapper.TcarSpotCheckItemMapper.selectList The error occurred while executing a query Cause: org.springframework.jdbc.CannotGetJdbcConnectionException: Failed to obtain JDBC Connection; nested exception is java.sql.SQLRecoverableException: IO 错误: The Network Adapter could not establish the connection (CONNECTION_ID=8cf+8MT1So22aHGHbTcbQ==)" />
      <item value="package com.sgcarmanagementsystem.exception; import com.sgcarmanagementsystem.enums.RespCodeMsgEnums; import com.sgcarmanagementsystem.utils.R; import org.slf4j.Logger; import org.slf4j.LoggerFactory; import org.springframework.beans.factory.annotation.Autowired; import org.springframework.http.HttpStatus; import org.springframework.validation.BindException; import org.springframework.validation.ObjectError; import org.springframework.web.bind.annotation.ExceptionHandler; import org.springframework.web.bind.annotation.ResponseStatus; import org.springframework.web.bind.annotation.RestControllerAdvice; import org.springframework.http.converter.HttpMessageNotReadableException; import org.springframework.util.CollectionUtils; import org.springframework.web.HttpRequestMethodNotSupportedException; import org.springframework.web.bind.MethodArgumentNotValidException; import org.springframework.web.bind.MissingServletRequestParameterException; import javax.servlet.http.HttpServletRequest; import java.util.List; @author MingHuiFan @version 1.0 @date 202397-14:44 @description com.sgcarmanagementsystem.exception @RestControllerAdvice public class GlobalExceptionHandler { private static final Logger log = LoggerFactory.getLogger(GlobalExceptionHandler.class); @Autowired private HttpServletRequest httpServletRequest; private final String sysError = &quot;系统出错&quot;; 缺少请求体异常处理器 @param e 缺少请求体异常 使用get方式请求 而实体使用@RequestBody修饰 @ResponseStatus(HttpStatus.BAD_REQUEST) @ExceptionHandler(HttpMessageNotReadableException.class) public R&lt;String&gt; parameterBodyMissingExceptionHandler(HttpMessageNotReadableException e) { String requestURI = httpServletRequest.getRequestURI(); log.error(&quot;请求地址'{}',请求体缺失'{}'&quot;, requestURI, e.getMessage()); return R.error(RespCodeMsgEnums.SERVER_EXCEPTION.getCode(), sysError); } 捕获请求方法异常，比如post接口使用了get @ResponseStatus(HttpStatus.METHOD_NOT_ALLOWED) @ExceptionHandler(HttpRequestMethodNotSupportedException.class) public R&lt;String&gt; methodNotAllowedHandler(HttpRequestMethodNotSupportedException e) { String requestURI = httpServletRequest.getRequestURI(); log.error(&quot;请求地址'{}',请求方法不被允许'{}'&quot;, requestURI, e.getMessage()); return R.error(RespCodeMsgEnums.SERVER_EXCEPTION.getCode(), sysError); } get请求的对象参数校验异常 @ResponseStatus(HttpStatus.BAD_REQUEST) @ExceptionHandler({MissingServletRequestParameterException.class}) public R&lt;String&gt; bindExceptionHandler(MissingServletRequestParameterException e) { String requestURI = httpServletRequest.getRequestURI(); log.error(&quot;请求地址'{}',get方式请求参数'{}'必传&quot;, requestURI, e.getParameterName()); return R.error(RespCodeMsgEnums.SERVER_EXCEPTION.getCode(), sysError); } post 请求的对象参数校验异常 @ResponseStatus(HttpStatus.BAD_REQUEST) @ExceptionHandler({MethodArgumentNotValidException.class}) public R&lt;String&gt; methodArgumentNotValidHandler(MethodArgumentNotValidException e) { String requestURI = httpServletRequest.getRequestURI(); log.error(&quot;请求地址'{}',post方式请求参数异常'{}'&quot;, requestURI, e.getMessage()); List&lt;ObjectError&gt; allErrors = e.getBindingResult().getAllErrors(); return R.error(RespCodeMsgEnums.SERVER_EXCEPTION.getCode(), getValidExceptionMsg(allErrors)); } @ExceptionHandler(BindException.class) public R&lt;String&gt; methodArgumentNotValidException(BindException e) { String requestURI = httpServletRequest.getRequestURI(); log.error(&quot;请求地址'{}',请求参数异常'{}'&quot;, requestURI, e.getMessage()); List&lt;ObjectError&gt; allErrors = e.getBindingResult().getAllErrors(); 获取验证错误信息集合 只提示一条 return R.error(RespCodeMsgEnums.PARAMETER_VERIFICATION_FAILED.getCode(), getValidExceptionMsg(allErrors)); } 全局异常、业务异常处理 @ExceptionHandler(Exception.class) public R&lt;String&gt; exceptionHandler(Exception exception) { String requestURI = httpServletRequest.getRequestURI(); log.error(&quot;请求地址'{}',全局异常处理'{}'&quot;, requestURI, exception.getMessage()); 这里先判断异常是否是自己定义的异常类型 if (exception instanceof AppException) { 强制转化成自己定义的异常 AppException appException = (AppException) exception; log.error(&quot;请求地址'{}',业务异常处理'{}'&quot;, requestURI, exception); 将异常类的信息包装成响应对象返回给前端 return R.error(appException.getCode(), appException.getMsg()); } return R.error(RespCodeMsgEnums.SERVER_EXCEPTION.getCode(), RespCodeMsgEnums.SERVER_EXCEPTION.getMessage()); } 运行时异常 @ExceptionHandler(RuntimeException.class) public R&lt;String&gt; runtimeExceptionHandler(RuntimeException e) { String requestURI = httpServletRequest.getRequestURI(); log.error(&quot;请求地址'{}',捕获运行时异常'{}'&quot;, requestURI, e); return R.error(RespCodeMsgEnums.SERVER_EXCEPTION.getCode(), e.getMessage()); } 系统级别异常 @ExceptionHandler(Throwable.class) public R&lt;String&gt; throwableExceptionHandler(Throwable e) { String requestURI = httpServletRequest.getRequestURI(); log.error(&quot;请求地址'{}',捕获系统级别异常'{}'&quot;, requestURI, e); return R.error(RespCodeMsgEnums.SERVER_EXCEPTION.getCode(), e.getMessage()); } private String getValidExceptionMsg(List&lt;ObjectError&gt; errors) { if (!CollectionUtils.isEmpty(errors)) { StringBuilder sb = new StringBuilder(); errors.forEach(error -&gt; { 添加哪个字段不符合规定 if (error instanceof FieldError) { sb.append(((FieldError)error).getField()).append(&quot;:&quot;); } sb.append(error.getDefaultMessage()).append(&quot;;&quot;); }); String msg = sb.toString(); msg = msg.substring(0, msg.length() - 1); return msg; } return null; } }" />
      <item value="Request method 'POST' not supported'" />
      <item value="org.springframework.jdbc.BadSqlGrammarException: Error updating database. Cause: java.sql.SQLSyntaxErrorException: ORA-04098: 触发器 'SGWL0.TRIGGER_TB_CLGL_DVB' 无效且未通过重新验证 The error may exist in comsgcarmanagementsystemmapperTcarDriveVehicleListMapper.java (best guess) The error may involve com.sgcarmanagementsystem.mapper.TcarDriveVehicleListMapper.insert-Inline The error occurred while setting parameters SQL: INSERT INTO TB_CLGL_DRIVER_VEHICLE_BINDING ( LICENSE_PLATE_NUMBER, JOB_ID, DRIVER_NAME, RECORD_CREATOR ) VALUES ( ?, ?, ?, ? ) Cause: java.sql.SQLSyntaxErrorException: ORA-04098: 触发器 'SGWL0.TRIGGER_TB_CLGL_DVB' 无效且未通过重新验证" />
      <item value="The Network Adapter could not establish the connection (CONNECTION_ID=J2zm8i7fQDeVGvmYT0EXPg==)" />
      <item value="JDBC Connection" />
      <item value="will be managed by Spring" />
      <item value="Registering transaction synchronization for SqlSession" />
      <item value="Releasing transactional SqlSession" />
      <item value="Transaction synchronization committing SqlSession [org.apache.ibatis.session.defaults.DefaultSqlSession@7c6c4a51] Transaction synchronization deregistering SqlSession [org.apache.ibatis.session.defaults.DefaultSqlSession@7c6c4a51] Transaction synchronization closing SqlSession [org.apache.ibatis.session.defaults.DefaultSqlSession@7c6c4a51]" />
      <item value="Creating a new SqlSession Registering transaction synchronization for SqlSession [org.apache.ibatis.session.defaults.DefaultSqlSession@7c6c4a51] JDBC Connection [HikariProxyConnection@660257816 wrapping oracle.jdbc.driver.T4CConnection@5d59222b] will be managed by Spring ==&gt; Preparing: SELECT FROM TCOM_EMPLOYEE te WHERE EMP_NO = ? AND rownum = 1; ==&gt; Parameters: 10061739(String) Releasing transactional SqlSession [org.apache.ibatis.session.defaults.DefaultSqlSession@7c6c4a51] 异常 Transaction synchronization committing SqlSession [org.apache.ibatis.session.defaults.DefaultSqlSession@7c6c4a51] Transaction synchronization deregistering SqlSession [org.apache.ibatis.session.defaults.DefaultSqlSession@7c6c4a51] Transaction synchronization closing SqlSession [org.apache.ibatis.session.defaults.DefaultSqlSession@7c6c4a51]" />
      <item value="2023-09-12 13:51:12.880 ERROR 276572 --- [nio-8081-exec-1] o.a.c.c.C.[.[.[].[dispatcherServlet] : Servlet.service() for servlet [dispatcherServlet] in context with path [] threw exception [Request processing failed; nested exception is java.lang.NullPointerException] with root cause" />
      <item value="Vehicle Model" />
      <item value="Exception encountered during context initialization - cancelling refresh attempt: org.springframework.beans.factory.UnsatisfiedDependencyException: Error creating bean with name 'oracleController': Unsatisfied dependency expressed through field 'jdbcTemplate'; nested exception is org.springframework.beans.factory.UnsatisfiedDependencyException: Error creating bean with name 'dataSourceScriptDatabaseInitializer' defined in class path resource [orgspringframeworkbootautoconfiguresqlinitDataSourceInitializationConfiguration.class]: Unsatisfied dependency expressed through method 'dataSourceScriptDatabaseInitializer' parameter 0; nested exception is org.springframework.beans.factory.BeanCreationException: Error creating bean with name 'dataSource' defined in class path resource [orgspringframeworkbootautoconfigurejdbcDataSourceConfigurationHikari.class]: Bean instantiation via factory method failed; nested exception is org.springframework.beans.BeanInstantiationException: Failed to instantiate [com.zaxxer.hikari.HikariDataSource]: Factory method 'dataSource' threw exception; nested exception is org.springframework.boot.autoconfigure.jdbc.DataSourcePropertiesDataSourceBeanCreationException: Failed to determine a suitable driver class 2023-09-07 16:24:01.161 INFO 373168 --- [ main] o.apache.catalina.core.StandardService :" />
      <item value="APPLICATION FAILED TO START Description: Failed to configure a DataSource: 'url' attribute is not specified and no embedded datasource could be configured. Reason: Failed to determine a suitable driver class Action: Consider the following: If you want an embedded database (H2, HSQL or Derby), please put it on the classpath. If you have database settings to be loaded from a particular profile you may need to activate it (the profiles dev-linux are currently active)." />
      <item value="configuration key 'file.resource.loader.class' has been deprecated in favor of 'resource.loader.file.class" />
      <item value="14:08:59.996 [main] DEBUG com.baomidou.mybatisplus.generator.AutoGenerator - ==========================准备生成文件...========================== 14:09:00.032 [main] WARN org.apache.velocity.deprecation - configuration key 'file.resource.loader.unicode' has been deprecated in favor of 'resource.loader.file.unicode' 14:09:00.034 [main] WARN org.apache.velocity.deprecation - configuration key 'file.resource.loader.class' has been deprecated in favor of 'resource.loader.file.class'" />
      <item value="Hash Map" />
      <item value="&lt;form name=&quot;punchout_form&quot; method=&quot;post&quot; action=&quot;https:openapi.alipay.comgateway.do?charset=UTF-8&amp;method=alipay.trade.page.pay&amp;sign=gkfs4U9pPLmvcnZaFSqSVXYAhti%2BSh06m8N6r0tJ6HESb2VC%2FtBCIeEZxMBDM5xMoWlO5TOfvANOXGmebxqwpVkxJFYdS1O4yHkmBEA5FIpu5hr2ZvTk4dm9ho78xk92PpKFcp%2BoF1UsdBabi7wzRUq%2BZqVsG%2Fal9Re2uCyu71fPijiH7RKUKyMQjzidDs4xaGD32OAODvgHCsqB2pwOSJj8mXpJml3H7hAB4IaO0trUEBWDQoG73CBJCW%2FapvpVj9YyNjpwcdsDCFybjRDEUt0mxUTft8RhYteI00xf%2FCyyiibz7TUtCdkjpv6Orrv%2BuWOGuuux7c7PLOF%2FSknq%2BQ%3D%3D&amp;version=1.0&amp;sign_type=RSA2&amp;timestamp=2023-04-20+20%3A40%3A49&amp;alipay_sdk=alipay-sdk-java-dynamicVersionNo&amp;format=json&quot;&gt; &lt;input type=&quot;hidden&quot; name=&quot;biz_content&quot; value=&quot;{&amp;quot;out_trade_no&amp;quot;:&amp;quot;20210817010101004&amp;quot;,&amp;quot;total_amount&amp;quot;:0.01,&amp;quot;subject&amp;quot;:&amp;quot;测试商品&amp;quot;,&amp;quot;product_code&amp;quot;:&amp;quot;FAST_INSTANT_TRADE_PAY&amp;quot;}&quot;&gt; &lt;input type=&quot;submit&quot; value=&quot;立即支付&quot; style=&quot;display:none&quot; &gt; &lt;form&gt; &lt;script&gt;document.forms[0].submit();&lt;script&gt;" />
      <item value="&lt;form name=&quot;punchout_form&quot; method=&quot;post&quot; action=&quot;https:openapi.alipay.comgateway.do?charset=UTF-8&amp;method=alipay.trade.page.pay&amp;sign=gkfs4U9pPLmvcnZaFSqSVXYAhti%2BSh06m8N6r0tJ6HESb2VC%2FtBCIeEZxMBDM5xMoWlO5TOfvANOXGmebxqwpVkxJFYdS1O4yHkmBEA5FIpu5hr2ZvTk4dm9ho78xk92PpKFcp%2BoF1UsdBabi7wzRUq%2BZqVsG%2Fal9Re2uCyu71fPijiH7RKUKyMQjzidDs4xaGD32OAODvgHCsqB2pwOSJj8mXpJml3H7hAB4IaO0trUEBWDQoG73CBJCW%2FapvpVj9YyNjpwcdsDCFybjRDEUt0mxUTft8RhYteI00xf%2FCyyiibz7TUtCdkjpv6Orrv%2BuWOGuuux7c7PLOF%2FSknq%2BQ%3D%3D&amp;version=1.0&amp;sign_type=RSA2&amp;timestamp=2023-04-20+20%3A40%3A49&amp;alipay_sdk=alipay-sdk-java-dynamicVersionNo&amp;format=json&quot;&gt; &lt;input type=&quot;hidden&quot; name=&quot;biz_content&quot; value=&quot;{&amp;quot;out_trade_no&amp;quot;:&amp;quot;20210817010101004&amp;quot;,&amp;quot;total_amount&amp;quot;:0.01,&amp;quot;subject&amp;quot;:&amp;quot;测试商品&amp;quot;,&amp;quot;product_code&amp;quot;:&amp;quot;FAST_INSTANT_TRADE_PAY&amp;quot;}&quot;&gt; &lt;input type=&quot;submit&quot; value=&quot;立即支付&quot; style=&quot;display:none&quot; &gt; &lt;form&gt;" />
    </histories>
    <option name="languageScores">
      <map>
        <entry key="CHINESE" value="38" />
        <entry key="ENGLISH" value="38" />
      </map>
    </option>
  </component>
</application>