<application>
  <component name="MavenWrapperMapping">
    <option name="mapping">
      <map>
        <entry key="https://repo.maven.apache.org/maven2/org/apache/maven/apache-maven/3.6.0/apache-maven-3.6.0-bin.zip" value="$USER_HOME$/.m2/wrapper/dists/apache-maven-3.6.0-bin/2dakv70gp803gtm5ve1ufmvttn/apache-maven-3.6.0" />
        <entry key="https://repo.maven.apache.org/maven2/org/apache/maven/apache-maven/3.6.2/apache-maven-3.6.2-bin.zip" value="$USER_HOME$/.m2/wrapper/dists/apache-maven-3.6.2-bin/795eh28tki48bv3l67maojf0ra/apache-maven-3.6.2" />
        <entry key="https://repo.maven.apache.org/maven2/org/apache/maven/apache-maven/3.6.3/apache-maven-3.6.3-bin.zip" value="$USER_HOME$/.m2/wrapper/dists/apache-maven-3.6.3-bin/1iopthnavndlasol9gbrbg6bf2/apache-maven-3.6.3" />
        <entry key="https://repo.maven.apache.org/maven2/org/apache/maven/apache-maven/3.8.4/apache-maven-3.8.4-bin.zip" value="$USER_HOME$/.m2/wrapper/dists/apache-maven-3.8.4-bin/52ccbt68d252mdldqsfsn03jlf/apache-maven-3.8.4" />
        <entry key="https://repo.maven.apache.org/maven2/org/apache/maven/apache-maven/3.8.7/apache-maven-3.8.7-bin.zip" value="$USER_HOME$/.m2/wrapper/dists/apache-maven-3.8.7-bin/1ktonn2lleg549uah6ngl1r74r/apache-maven-3.8.7" />
        <entry key="https://repo1.maven.org/maven2/org/apache/maven/apache-maven/3.5.3/apache-maven-3.5.3-bin.zip" value="$USER_HOME$/.m2/wrapper/dists/apache-maven-3.5.3-bin/2c22a6s60afpuloj4v181qvild/apache-maven-3.5.3" />
      </map>
    </option>
  </component>
</application>