<application>
  <component name="GeneralSettings">
    <option name="autoSaveIfInactive" value="true" />
    <option name="browserPath" value="C:\Program Files (x86)\Microsoft\Edge\Application\msedge.exe" />
    <option name="confirmExit" value="false" />
    <option name="processCloseConfirmation" value="TERMINATE" />
    <option name="showTipsOnStartup" value="false" />
  </component>
  <component name="Registry">
    <entry key="ide.balloon.shadow.size" value="0" />
    <entry key="ide.tree.ui.experimental" value="false" />
    <entry key="documentation.show.toolbar" value="true" />
  </component>
</application>